{
    "accuracy_score": 0.6425211665098777,
    "precision_score": 0.7470709855272226,
    "recall_score": 0.7339201083276913,
    "f1_score": 0.7404371584699453,
    "confusion_matrix": [
        [
            282,
            367
        ],
        [
            393,
            1084
        ]
    ]
}