{
    "accuracy_score": 0.570555032925682,
    "precision_score": 0.8447432762836186,
    "recall_score": 0.46784021665538256,
    "f1_score": 0.6021786492374727,
    "confusion_matrix": [
        [
            522,
            127
        ],
        [
            786,
            691
        ]
    ]
}