{
    "accuracy_score": 0.7022577610536218,
    "precision_score": 0.7184265010351967,
    "recall_score": 0.939742721733243,
    "f1_score": 0.8143150484012907,
    "confusion_matrix": [
        [
            105,
            544
        ],
        [
            89,
            1388
        ]
    ]
}