{
    "mean_squared_error": 21.74043697637921,
    "root_mean_squared_error": 4.662664150073347,
    "mean_absolute_error": 2.361334491088258
}