{
    "accuracy_score": 0.7083725305738476,
    "precision_score": 0.7156517362858581,
    "recall_score": 0.962762356127285,
    "f1_score": 0.8210161662817552,
    "confusion_matrix": [
        [
            84,
            565
        ],
        [
            55,
            1422
        ]
    ]
}