{
    "mean_squared_error": 22.959809924741297,
    "root_mean_squared_error": 4.791639586273293,
    "mean_absolute_error": 2.4423941674506118
}