{
    "mean_squared_error": 21.922580643859146,
    "root_mean_squared_error": 4.682155555282113,
    "mean_absolute_error": 2.3556566227003177
}