{
    "accuracy_score": 0.7116650987770461,
    "precision_score": 0.7485615650172612,
    "recall_score": 0.8808395396073121,
    "f1_score": 0.8093312597200623,
    "confusion_matrix": [
        [
            212,
            437
        ],
        [
            176,
            1301
        ]
    ]
}