{
    "mean_squared_error": 27.026506696280826,
    "root_mean_squared_error": 5.198702405050786,
    "mean_absolute_error": 2.648120149591568
}